"Name","outer_fold_accuracy","State","Runtime","data_name","fold","k_inner_folds","model","search_type","C","max_iter","random_state","solver","colsample_bytree","eta","eval_metric","gamma","max_depth","min_child_weight","n_estimators","num_class","objective","reg_alpha","reg_lambda","subsample","accuracy_group_113922","accuracy_group_191033","accuracy_group_353740","accuracy_group_667056","accuracy_group_707749","accuracy_group_814649","accuracy_group_891667","accuracy_group_898176","f1_class_0.0","f1_class_1.0","f1_class_2.0","f1_class_3.0","f1_class_4.0","f1_class_5.0","f1_class_6.0","f1_class_macro avg","f1_class_weighted avg","precision_class_0.0","precision_class_1.0","precision_class_2.0","precision_class_3.0","precision_class_4.0","precision_class_5.0","precision_class_6.0","precision_class_macro avg","precision_class_weighted avg","recall_class_0.0","recall_class_1.0","recall_class_2.0","recall_class_3.0","recall_class_4.0","recall_class_5.0","recall_class_6.0","recall_class_macro avg","recall_class_weighted avg","accuracy_group_105923","accuracy_group_106521","accuracy_group_108323","accuracy_group_109123","accuracy_group_116726","accuracy_group_133019","accuracy_group_140117","accuracy_group_156334","accuracy_group_162026","accuracy_group_162935","accuracy_group_164636","accuracy_group_169040","accuracy_group_175237","accuracy_group_177746","accuracy_group_185442","accuracy_group_191437","accuracy_group_192641","accuracy_group_198653","accuracy_group_204521","accuracy_group_205119","accuracy_group_212318","accuracy_group_212823","accuracy_group_255639","accuracy_group_257845","accuracy_group_283543","accuracy_group_293748","accuracy_group_358144","accuracy_group_406836","accuracy_group_568963","accuracy_group_581450","accuracy_group_599671","accuracy_group_601127","accuracy_group_660951","accuracy_group_662551","accuracy_group_679770","accuracy_group_680957","accuracy_group_706040","accuracy_group_725751","accuracy_group_735148","accuracy_group_783462"
"LogisticRegression_Fold_6_HCP_C3_dataset","0.2555434387495456","finished","149","HCP_C3_dataset","6","5","LogisticRegression","grid","0.1","2000","714","lbfgs","","","","","","","","","","","","","","","","","","","","","0.23151909017059305","0.32476802284082795","0.13789359391965256","0.3070831500219974","0.353643216080402","0.11080022383883605","0.21428571428571427","0.2399990015940033","0.2401823098185468","0.21412471825694968","0.28688524590163933","0.2015873015873016","0.31160714285714286","0.2856418061897514","0.16694772344013492","0.22602739726027396","0.24183161935617056","0.2419445682529915","0.2519893899204244","0.37417763157894735","0.1047854785478548","0.3026886383347788","0.4641384995877989","0.0829145728643216","0.2037037037037037","0.2549139877911185","0.2555434387495456","","","","","","","","","0.3109815354713314","","","0.24627606752730885","0.23308270676691728","","","","","","","","0.2048643592142189","","","","","","","0.3007662835249042","0.2783400809716599","","","","0.29133858267716534","","","","","","0.18243243243243243",""
"LogisticRegression_Fold_5_HCP_C3_dataset","0.24277737314882253","finished","147","HCP_C3_dataset","5","5","LogisticRegression","grid","0.1","2000","714","lbfgs","","","","","","","","","","","","","","","","","","","","","0.23962655601659752","0.3049458589405912","0.15984015984015984","0.2765432098765432","0.3070283600493218","0.11381149970361588","0.17873303167420815","0.2257898108715768","0.22660875785766263","0.29240506329113924","0.23800822293284604","0.19900497512437812","0.25846153846153846","0.24825523429710863","0.1893491124260355","0.2461059190031153","0.23879858079088015","0.2383330609331688","0.20298769771529","0.4242671009771987","0.1335559265442404","0.2973451327433628","0.4022617124394184","0.08135593220338982","0.14031971580817051","0.24029903120443868","0.24277737314882253","","","0.22837706511175895","","","","","","","","","","","","0.24709302325581395","","","0.31190926275992437","","","","0.3074656188605108","0.20747663551401868","","","","0.2355175688509022","","","","","0.23260437375745527","","","","","","","","0.16769547325102882"
"LogisticRegression_Fold_4_HCP_C3_dataset","0.23375517157459236","finished","167","HCP_C3_dataset","4","5","LogisticRegression","grid","1","2000","714","lbfgs","","","","","","","","","","","","","","","","","","","","","0.19910011248593928","0.21047619047619048","0.1518987341772152","0.29811715481171547","0.316795295847115","0.2116496220542463","0.1497076023391813","0.21967781602737185","0.21941286675198896","0.2735703245749614","0.2528604118993135","0.1904761904761905","0.2081811541271001","0.2854304635761589","0.2337917485265226","0.20915032679738563","0.23620865999680463","0.2365342812549736","0.15649867374005305","0.1802610114192496","0.1263157894736842","0.5248618784530387","0.35590421139554085","0.1933387489845654","0.11657559198542804","0.23625084363593715","0.23375517157459236","0.18070009460737935","0.1936444885799404","","","","","","0.33767441860465114","","0.20329138431752175","","","","0.3087378640776699","","","","","","0.18242597898758356","","","","","","","","","","","","","","","","0.20923379174852652","0.25236593059936907","","",""
"LogisticRegression_Fold_3_HCP_C3_dataset","0.26592395253087914","finished","156","HCP_C3_dataset","3","5","LogisticRegression","grid","0.1","2000","714","lbfgs","","","","","","","","","","","","","","","","","","","","","0.30118694362017806","0.3128032848077641","0.1061742642815926","0.31994156318480643","0.3321204101885544","0.16348773841961853","0.2086092715231788","0.2491890680036704","0.24874732238707617","0.25925925925925924","0.29239357990230286","0.18003913894324852","0.2744360902255639","0.27658402203856747","0.23622047244094488","0.2692307692307692","0.2554519045772366","0.25516147078534185","0.35929203539823007","0.3362760834670947","0.07528641571194762","0.38353765323992994","0.4155629139072848","0.125","0.17027027027027028","0.2664607674278225","0.26592395253087914","","","","","0.3131707317073171","0.1887705711519845","","","","","0.24349442379182157","","","","","","0.25146771037182","","","","","","","","","0.23714285714285716","","","","","0.2845691382765531","","","","0.3696682464454976","","","0.23823823823823825","",""
"LogisticRegression_Fold_2_HCP_C3_dataset","0.2793654637926859","finished","148","HCP_C3_dataset","2","5","LogisticRegression","grid","0.1","2000","714","lbfgs","","","","","","","","","","","","","","","","","","","","","0.2723609991941982","0.36429872495446264","0.10787011557512384","0.3479599692070824","0.3696969696969697","0.13530415008527572","0.2201453790238837","0.2596623296767137","0.2588544948828317","0.2524271844660194","0.28999516674722087","0.16470588235294115","0.29953611663353213","0.3468372423596304","0.21834862385321105","0.26700251889168763","0.26269324790060605","0.26231607785563443","0.29571303587051617","0.4897959183673469","0.08019639934533551","0.4150596877869605","0.3957826439578264","0.09802306425041186","0.1872791519434629","0.28026427164598006","0.2793654637926859","","","","0.3419047619047619","","","0.2567703109327984","","","","","","","","","0.23191094619666047","","","0.26452905811623245","","","","","0.3168604651162791","0.20155793573515093","","","","","0.31499051233396586","","","","0.30528375733855184","","","","","",""
"LogisticRegression_Fold_1_HCP_C3_dataset","0.25734214390602056","finished","166","HCP_C3_dataset","1","5","LogisticRegression","grid","0.1","2000","714","lbfgs","","","","","","","","","","","","","0.2584053794428434","0.32807881773399017","0.2634146341463415","0.2512315270935961","0.21690767519466073","0.19183285849952517","0.2365988909426987","0.30998080614203455","0.2434705621956618","0.3114534494306765","0.1446039340776183","0.32971150243536906","0.3523465703971119","0.15745568300312826","0.15905427189682966","0.24258513906234225","0.2432633019026495","0.22916666666666663","0.2667814113597246","0.2082695252679939","0.2844214608920491","0.3166774821544452","0.21852387843704776","0.18569636135508155","0.24421954087614411","0.2452372740286332","0.25967894239848915","0.37409493161705554","0.11074918566775244","0.392156862745098","0.39707078925956063","0.1230643846780766","0.13909774436090225","0.25655897724670496","0.25734214390602056","","","","","","","","","","","","","","","","","","","","","","","","","","","","","","","","","","","","","","","",""
"LogisticRegression_Fold_6_HCP_C2_dataset","0.26341936265600385","finished","269","HCP_C2_dataset","6","5","LogisticRegression","grid","1","2000","714","lbfgs","","","","","","","","","","","","","","","","","","","","","0.24979854955680905","0.3043968432919955","0.1903807615230461","0.2900355871886121","0.3537278502173186","0.14846691769768694","0.24327897752313796","0.25429792671408663","0.25445789149910375","0.229459659511473","0.28027681660899656","0.2423469387755102","0.29771689497716897","0.297525309336333","0.2075187969924812","0.2431718061674009","0.25685946033848056","0.25708954630273073","0.27409372236958446","0.33305921052631576","0.15676567656765678","0.28274067649609713","0.4361088211046991","0.11557788944723618","0.24338624338624337","0.26310460569969035","0.26341936265600385","","","","","","","","","0.3206997084548105","","","0.2641509433962264","0.212406015037594","","","","","","","","0.21702525724976612","","","","","","","0.3065134099616858","0.3188259109311741","","","","0.2874015748031496","","","","","","0.18629343629343628",""
"LogisticRegression_Fold_5_HCP_C2_dataset","0.23792182568584608","finished","277","HCP_C2_dataset","5","5","LogisticRegression","grid","1","2000","714","lbfgs","","","","","","","","","","","","","","","","","","","","","0.21286031042128603","0.2886002886002886","0.16666666666666666","0.2757432141318397","0.30759371996155077","0.13427947598253276","0.1852450188476037","0.22442695637310975","0.22526455262083195","0.2882882882882883","0.22351363433169424","0.1970387243735763","0.2686817800167926","0.2549123738714817","0.18865030674846625","0.2352941176470588","0.2366256036110512","0.23614222815447747","0.1687170474516696","0.4071661237785016","0.14440734557595994","0.2831858407079646","0.3877221324717286","0.1042372881355932","0.152753108348135","0.23545555520993608","0.23792182568584608","","","0.22351797862001943","","","","","","","","","","","","0.21996124031007752","","","0.31474480151228734","","","","0.26620825147347743","0.24205607476635513","","","","0.23266856600189936","","","","","0.2216699801192843","","","","","","","","0.1769547325102881"
"LogisticRegression_Fold_4_HCP_C2_dataset","0.237162326600146","finished","276","HCP_C2_dataset","4","5","LogisticRegression","grid","1","2000","714","lbfgs","","","","","","","","","","","","","","","","","","","","","0.22955974842767296","0.2154415164123902","0.14945919370698132","0.28920344157646405","0.32100488485694345","0.2018518518518519","0.17156286721504113","0.22544050057819215","0.22487381233474735","0.28185328185328185","0.2486659551760939","0.1902377972465582","0.2069924513309495","0.27794561933534745","0.23466092572658773","0.24172185430463575","0.24029684071049348","0.24023464896299457","0.19363395225464192","0.1900489396411093","0.12307692307692308","0.47974217311233885","0.379851362510322","0.17709179528838342","0.13296903460837886","0.2394877400702997","0.237162326600146","0.18637653736991489","0.17576961271102284","","","","","","0.3023255813953488","","0.2197483059051307","","","","0.3087378640776699","","","","","","0.2005730659025788","","","","","","","","","","","","","","","","0.25245579567779963","0.2502628811777077","","",""
"LogisticRegression_Fold_3_HCP_C2_dataset","0.282877209978203","finished","266","HCP_C2_dataset","3","5","LogisticRegression","grid","1","2000","714","lbfgs","","","","","","","","","","","","","","","","","","","","","0.32411375146084925","0.30707716913234706","0.14842498665242926","0.3180987202925046","0.33776223776223774","0.20708446866485017","0.26946386946386947","0.27314645763272677","0.272358174482014","0.2894919972164231","0.30597609561752986","0.21351766513056836","0.2730696798493409","0.2923728813559322","0.2992125984251969","0.2792270531400966","0.27898113867644114","0.2789198257380978","0.368141592920354","0.30818619582664525","0.11374795417348608","0.3809106830122592","0.39983443708609273","0.15833333333333333","0.26036036036036037","0.2842163652446473","0.282877209978203","","","","","0.30146341463414633","0.19070667957405615","","","","","0.26765799256505574","","","","","","0.2710371819960861","","","","","","","","","0.26095238095238094","","","","","0.3066132264529058","","","","0.4132701421800948","","","0.24924924924924924","",""
"LogisticRegression_Fold_2_HCP_C2_dataset","0.2804553160571567","finished","269","HCP_C2_dataset","2","5","LogisticRegression","grid","1","2000","714","lbfgs","","","","","","","","","","","","","","","","","","","","","0.29538216560509556","0.3585841878928217","0.12701829924650165","0.31377343113284434","0.35335141418055016","0.1798829164449175","0.2489814395654142","0.268139122009735","0.2675841871488278","0.2710007304601899","0.3014460511679644","0.18553459119496857","0.28205128205128205","0.33827893175074186","0.25413533834586466","0.255338904363974","0.2696836899049979","0.26974621306992175","0.32458442694663164","0.4424489795918367","0.09656301145662848","0.35353535353535354","0.3698296836982968","0.13920922570016475","0.24293286219081273","0.28130050615996066","0.2804553160571567","","","","0.3314285714285714","","","0.27181544633901705","","","","","","","","","0.21614100185528756","","","0.280561122244489","","","","","0.33527131782945735","0.22687439143135343","","","","","0.30075901328273247","","","","0.28180039138943247","","","","","",""
"LogisticRegression_Fold_1_HCP_C2_dataset","0.2626040137053353","finished","275","HCP_C2_dataset","1","5","LogisticRegression","grid","1","2000","714","lbfgs","","","","","","","","","","","","","0.2824207492795389","0.3133004926108374","0.25365853658536586","0.2561576354679803","0.20689655172413793","0.21937321937321935","0.2476894639556377","0.31573896353166986","0.25485765928603704","0.31601576495879613","0.15119916579770595","0.3060267051605918","0.3401053423626787","0.18234723569350145","0.2216468151216986","0.2531712411972871","0.25321807771250726","0.24436741767764297","0.28488372093023256","0.21014492753623187","0.25712553062462096","0.31630510846745974","0.2251497005988024","0.24682814302191464","0.2549720784081293","0.25539294933049145","0.26628895184135976","0.35478680611423974","0.11807817589576548","0.3778966131907308","0.3677786818551668","0.1532192339038305","0.20112781954887216","0.2627394689071379","0.2626040137053353","","","","","","","","","","","","","","","","","","","","","","","","","","","","","","","","","","","","","","","",""
"LogisticRegression_Fold_6_HCP_C1_dataset","0.2447594814007028","finished","116","HCP_C1_dataset","6","5","LogisticRegression","grid","0.1","2000","714","lbfgs","","","","","","","","","","","","","","","","","","","","","0.22698072805139183","0.2917933130699088","0.14623655913978495","0.284781721746226","0.3297262889879058","0.1236405266170578","0.2109452736318408","0.23058634446344511","0.23069485333715684","0.2200996677740864","0.2475644699140401","0.20987654320987653","0.26887519260400616","0.2685329186106791","0.1952983725135624","0.2420091324200913","0.23603661386376312","0.23600019754405488","0.23430592396109637","0.35526315789473684","0.1122112211221122","0.3026886383347788","0.427040395713108","0.09045226130653268","0.18694885361552027","0.2441300645639836","0.2447594814007028","","","","","","","","","0.2730806608357629","","","0.24925521350546176","0.1945488721804511","","","","","","","","0.19550982226379796","","","","","","","0.28448275862068967","0.2773279352226721","","","","0.3001968503937008","","","","","","0.1891891891891892",""
"LogisticRegression_Fold_5_HCP_C1_dataset","0.24204904102937605","finished","137","HCP_C1_dataset","5","5","LogisticRegression","grid","0.1","2000","714","lbfgs","","","","","","","","","","","","","","","","","","","","","0.2611524163568773","0.2963934426229508","0.17586529466791395","0.27854671280276816","0.29640900791235547","0.12359550561797752","0.1751990898748578","0.22959449569367155","0.23023527912821048","0.27712031558185407","0.2480790340285401","0.2","0.272419627749577","0.23779296875","0.18333333333333332","0.24367088607594936","0.23748802364560767","0.23701536764306524","0.2469244288224956","0.3680781758957654","0.15692821368948248","0.2849557522123894","0.39337641357027464","0.09322033898305083","0.13676731793960922","0.24003580587329537","0.24204904102937605","","","0.23615160349854228","","","","","","","","","","","","0.24224806201550383","","","0.29300567107750475","","","","0.2907662082514735","0.22803738317757008","","","","0.245014245014245","","","","","0.21868787276341947","","","","","","","","0.1779835390946502"
"LogisticRegression_Fold_4_HCP_C1_dataset","0.22913117546848383","finished","129","HCP_C1_dataset","4","5","LogisticRegression","grid","0.1","2000","714","lbfgs","","","","","","","","","","","","","","","","","","","","","0.16112084063047286","0.22444343480236256","0.1630181648812296","0.2868441866596362","0.3227455275648047","0.21066907775768537","0.12752912323727775","0.21376719364763844","0.2142176914184309","0.2371134020618557","0.25333333333333335","0.19188596491228072","0.2009604728481714","0.2892670157068063","0.2375127420998981","0.1951219512195122","0.22931355459740824","0.23009352744747477","0.1220159151193634","0.20146818923327897","0.1417004048582996","0.5009208103130756","0.3649876135425269","0.1892770105605199","0.0947176684881603","0.2307268017307464","0.22913117546848383","0.2005676442762535","0.19563058589870905","","","","","","0.27348837209302324","","0.19264278799612777","","","","0.3029126213592233","","","","","","0.18433619866284623","","","","","","","","","","","","","","","","0.2220039292730845","0.2628811777076761","","",""
"LogisticRegression_Fold_3_HCP_C1_dataset","0.25030273674013076","finished","118","HCP_C1_dataset","3","5","LogisticRegression","grid","0.1","2000","714","lbfgs","","","","","","","","","","","","","","","","","","","","","0.2875297855440826","0.2925625660909411","0.133032694475761","0.26834052569635153","0.30671989354624085","0.1882591093117409","0.19719827586206895","0.23909183578959817","0.2390132110430593","0.260806916426513","0.2608422375864236","0.213768115942029","0.2430703624733475","0.25639599555061177","0.23969072164948457","0.2453083109919571","0.2456975229457667","0.245601802982073","0.32035398230088497","0.3330658105939005","0.09656301145662848","0.29947460595446584","0.38162251655629137","0.155","0.16486486486486487","0.25013497024671943","0.25030273674013076","","","","","0.2653658536585366","0.18393030009680544","","","","","0.2815985130111524","","","","","","0.2436399217221135","","","","","","","","","0.23904761904761904","","","","","0.23146292585170344","","","","0.34407582938388626","","","0.2082082082082082","",""
"LogisticRegression_Fold_2_HCP_C1_dataset","0.2585371760716881","finished","115","HCP_C1_dataset","2","5","LogisticRegression","grid","0.1","2000","714","lbfgs","","","","","","","","","","","","","","","","","","","","","0.23043852106620807","0.33205974296630775","0.13796735123749343","0.31080592699674736","0.3569254185692542","0.15526443474041726","0.2034764826175869","0.2467054111705736","0.2465661922521123","0.2265426880811496","0.2889963724304716","0.1935007385524372","0.2562574493444577","0.33620071684587816","0.1889020070838253","0.24150485436893204","0.2474149752438788","0.24772670491252569","0.23447069116360456","0.3902040816326531","0.1072013093289689","0.3948576675849403","0.3803730738037307","0.13179571663920922","0.17579505300353357","0.25924251330809145","0.2585371760716881","","","","0.32857142857142857","","","0.22367101303911735","","","","","","","","","0.24211502782931352","","","0.2434869739478958","","","","","0.2625968992248062","0.1966893865628043","","","","","0.2618595825426945","","","","0.30724070450097846","","","","","",""
"LogisticRegression_Fold_1_HCP_C1_dataset","0.24082232011747431","finished","113","HCP_C1_dataset","1","5","LogisticRegression","grid","0.1","2000","714","lbfgs","","","","","","","","","","","","","0.2507204610951009","0.30935960591133005","0.2526829268292683","0.18226600985221675","0.22246941045606228","0.17188983855650522","0.23752310536044363","0.29846449136276393","0.22659667541557305","0.29077289751447055","0.15354135710747896","0.2905263157894737","0.33598841419261405","0.1384083044982699","0.18331616889804325","0.23130716191656045","0.23173287543917895","0.2110839445802771","0.25206611570247933","0.1959544879898862","0.2753391859537111","0.30267449445531636","0.17587939698492464","0.20273348519362183","0.2308187301228881","0.2312675182394077","0.2445703493862134","0.34352373290426386","0.1262214983713355","0.3074866310160428","0.3775427176566314","0.11409942950285248","0.16729323308270677","0.24010537027429232","0.24082232011747431","","","","","","","","","","","","","","","","","","","","","","","","","","","","","","","","","","","","","","","",""
"LogisticRegression_Fold_6_HCP_diff_dataset","0.3376953834969102","finished","472","HCP_diff_dataset","6","5","LogisticRegression","grid","0.01","2000","714","lbfgs","","","","","","","","","","","","","","","","","","","","","0.33882149046793764","0.3938280675973549","0.23684210526315788","0.4179936305732484","0.40825688073394495","0.1871345029239766","0.32933579335793356","0.3303160672739363","0.3299675640417937","0.3322005097706032","0.3559096945551129","0.27510917030567683","0.3863134657836644","0.3806129722024234","0.22377622377622375","0.3452611218568665","0.32845473689293875","0.3280934404755425","0.34571175950486294","0.4407894736842105","0.2079207920792079","0.45533391153512576","0.4402308326463314","0.16080402010050251","0.3148148148148148","0.33794365776643653","0.3376953834969102","","","","","","","","","0.3644314868804665","","","0.3058589870903674","0.23308270676691728","","","","","","","","0.35640785781103834","","","","","","","0.31800766283524906","0.3937246963562753","","","","0.390748031496063","","","","","","0.34459459459459457",""
"LogisticRegression_Fold_5_HCP_diff_dataset","0.311968924496237","finished","458","HCP_diff_dataset","5","5","LogisticRegression","grid","0.01","2000","714","lbfgs","","","","","","","","","","","","","","","","","","","","","0.3460748047677764","0.34913112164297","0.20920502092050208","0.374805598755832","0.35584716325742954","0.17712177121771217","0.3226086956521739","0.3049705966020566","0.30462781698398816","0.3250965250965251","0.3389570552147239","0.236096537250787","0.3342579750346741","0.3407243163340724","0.23430962343096232","0.31601362862010224","0.30363652299740673","0.30357947048743666","0.36994727592267135","0.35993485342019543","0.1878130217028381","0.4265486725663717","0.37237479806138934","0.1423728813559322","0.32948490230905864","0.31263948647692236","0.311968924496237","","","0.37026239067055394","","","","","","","","","","","","0.312015503875969","","","0.387523629489603","","","","0.4027504911591356","0.2467289719626168","","","","0.2117758784425451","","","","","0.32803180914512925","","","","","","","","0.2366255144032922"
"LogisticRegression_Fold_4_HCP_diff_dataset","0.31041615964954977","finished","462","HCP_diff_dataset","4","5","LogisticRegression","grid","0.01","2000","714","lbfgs","","","","","","","","","","","","","","","","","","","","","0.3437100213219616","0.3216835776024051","0.2055800293685756","0.41434262948207173","0.34946049425687437","0.228515625","0.25971370143149286","0.3032865826376259","0.30136925885072546","0.3319604612850082","0.29825783972125436","0.2599009900990099","0.3651685393258427","0.3020457280385078","0.2864137086903305","0.29603729603729606","0.3056835090281785","0.3044613960565984","0.3563218390804598","0.34910277324632955","0.1700404858299595","0.47882136279926335","0.4145334434351776","0.190089358245329","0.23132969034608375","0.3128912789975146","0.31041615964954977","0.24503311258278143","0.2512413108242304","","","","","","0.4409302325581395","","0.25653436592449175","","","","0.3970873786407767","","","","","","0.3104106972301815","","","","","","","","","","","","","","","","0.29960707269155207","0.2744479495268139","","",""
"LogisticRegression_Fold_3_HCP_diff_dataset","0.3534754177767014","finished","466","HCP_diff_dataset","3","5","LogisticRegression","grid","0.01","2000","714","lbfgs","","","","","","","","","","","","","","","","","","","","","0.40601503759398494","0.35814722911497104","0.2218131615278417","0.4655035685963521","0.4072289156626506","0.27195225916453536","0.3184537505752416","0.34987341746222533","0.34868831471772294","0.38449367088607594","0.36945392491467577","0.25341745531019977","0.42536231884057973","0.3954758190327613","0.27835951134380454","0.3254938852304798","0.3474366550797967","0.3467330773383303","0.4300884955752212","0.3475120385232745","0.1972176759410802","0.5140105078809106","0.4197019867549669","0.2658333333333333","0.3117117117117117","0.35515367853149976","0.3534754177767014","","","","","0.375609756097561","0.27299128751210067","","","","","0.3392193308550186","","","","","","0.299412915851272","","","","","","","","","0.37333333333333335","","","","","0.3286573146292585","","","","0.5165876777251185","","","0.3163163163163163","",""
"LogisticRegression_Fold_2_HCP_diff_dataset","0.33627997093727297","finished","464","HCP_diff_dataset","2","5","LogisticRegression","grid","0.01","2000","714","lbfgs","","","","","","","","","","","","","","","","","","","","","0.2954971857410882","0.4005496392992099","0.19581100828056505","0.45872274143302183","0.4037626628075253","0.20912352639671963","0.30603649976602715","0.32421475196059385","0.3227664508362129","0.3185035389282103","0.3457888493475682","0.24187725631768953","0.3982420554428668","0.364467668190725","0.276797829036635","0.3253731343283582","0.32443576165600757","0.32340083294169947","0.2755905511811024","0.4759183673469387","0.16448445171849427","0.5408631772268135","0.45255474452554745","0.16803953871499178","0.28886925795053003","0.33804572695205976","0.33627997093727297","","","","0.380952380952381","","","0.28084252758274825","","","","","","","","","0.2504638218923933","","","0.3957915831663326","","","","","0.4253875968992248","0.3213242453748783","","","","","0.3368121442125237","","","","0.3013698630136986","","","","","",""
"LogisticRegression_Fold_1_HCP_diff_dataset","0.3219530102790015","finished","464","HCP_diff_dataset","1","5","LogisticRegression","grid","0.01","2000","714","lbfgs","","","","","","","","","","","","","0.35350624399615754","0.4147783251231527","0.32","0.361576354679803","0.2803114571746385","0.18233618233618237","0.333641404805915","0.32821497120921306","0.3003347680535629","0.3799788508988368","0.19443087445041524","0.44508670520231214","0.4031496062992126","0.1819941916747338","0.2636591478696742","0.30980487777839255","0.3093279124765107","0.30426356589147285","0.33814303638644916","0.24297924297924295","0.37424058323207776","0.3905415713196034","0.22407628128724671","0.2824919441460795","0.30810517503459606","0.30791629614965743","0.29650613786591123","0.4336283185840708","0.16205211726384364","0.5490196078431373","0.4165988608624898","0.1532192339038305","0.24718045112781956","0.3226006753501576","0.3219530102790015","","","","","","","","","","","","","","","","","","","","","","","","","","","","","","","","","","","","","","","",""
"XGBoost_Fold_6_HCP_corr_dataset","0.3673815582212529","finished","28244","HCP_corr_dataset","6","5","XGBoost","random","","","","","0.8","0.075","mlogloss","5","5","10","800","7","multi:softprob","0.1","50","0.5","","","","","","","","","0.34587200781631655","0.4110406564714658","0.2162718846549949","0.4427284427284427","0.43255295429208473","0.1935135135135135","0.4279835390946502","0.3528518569387812","0.35195314428717706","0.3864628820960699","0.3761092150170649","0.2876712328767123","0.3519181585677749","0.39377537212449254","0.2728658536585366","0.4444444444444444","0.35903530839787073","0.35821020863224623","0.3129973474801061","0.453125","0.17326732673267323","0.5967042497831744","0.4798021434460016","0.14991624790619765","0.4126984126984127","0.3683586754352236","0.3673815582212529","","","","","","","","","0.4062196307094266","","","0.36047666335650447","0.21428571428571427","","","","","","","","0.3695042095416277","","","","","","","0.4128352490421456","0.4149797570850202","","","","0.33267716535433073","","","","","","0.4333976833976834",""
"XGBoost_Fold_5_HCP_corr_dataset","0.36355911629036175","finished","28221","HCP_corr_dataset","5","5","XGBoost","random","","","","","0.8","0.075","mlogloss","5","5","10","800","7","multi:softprob","0.1","50","0.5","","","","","","","","","0.4149377593360996","0.3698347107438016","0.20763500931098697","0.4744525547445255","0.37985611510791367","0.1839956450734894","0.4562879850397382","0.3552856827652221","0.35353135782699757","0.5063291139240507","0.3204057279236277","0.23473684210526316","0.40372670807453415","0.3424124513618677","0.2572298325722983","0.4817374136229023","0.36379686994064914","0.36136936482918247","0.351493848857645","0.4372964169381108","0.18614357262103504","0.5752212389380531","0.42649434571890144","0.14322033898305084","0.433392539964476","0.3647517574316103","0.36355911629036175","","","0.3955296404275997","","","","","","","","","","","","0.3875968992248062","","","0.4215500945179584","","","","0.3526522593320236","0.29813084112149535","","","","0.3475783475783476","","","","","0.3290258449304175","","","","","","","","0.3775720164609053"
"XGBoost_Fold_4_HCP_corr_dataset","0.343392552932587","finished","28239","HCP_corr_dataset","4","5","XGBoost","random","","","","","0.8","0.075","mlogloss","5","5","10","800","7","multi:softprob","0.1","50","0.5","","","","","","","","","0.4132992327365729","0.27923844061650044","0.22707838479809975","0.4558084540348803","0.3434862385321101","0.22520852641334568","0.4086134453781513","0.33610467464423716","0.33184334882341815","0.49029126213592233","0.3142857142857143","0.2747126436781609","0.33565520243796254","0.309114927344782","0.2621359223300971","0.4826302729528536","0.3526894207379275","0.34930407703641814","0.3572060123784262","0.25122349102773245","0.19352226720647772","0.7099447513812155","0.3864574731626755","0.19740048740861088","0.3542805100182149","0.35000499894047904","0.343392552932587","0.28382213812677387","0.33962264150943394","","","","","","0.4688372093023256","","0.26621490803484993","","","","0.4155339805825243","","","","","","0.28462273161413565","","","","","","","","","","","","","","","","0.3791748526522593","0.3038906414300736","","",""
"XGBoost_Fold_3_HCP_corr_dataset","0.3827803342213611","finished","28524","HCP_corr_dataset","3","5","XGBoost","random","","","","","1","0.05","mlogloss","0.3","8","2","500","7","multi:softprob","0.5","10","0.6","","","","","","","","","0.4515856236786469","0.3742844561867019","0.1797752808988764","0.5008015389547932","0.4203636363636364","0.2455445544554455","0.40245051837888784","0.3678293727024268","0.3653940120349571","0.4323886639676114","0.4146341463414634","0.2596599690880989","0.39504299443601415","0.3748378728923476","0.3024390243902439","0.42193675889328064","0.37156277571558","0.37027823935459425","0.4725663716814159","0.34109149277688605","0.13747954173486088","0.6838879159369528","0.478476821192053","0.2066666666666667","0.3846846846846847","0.38640764209621714","0.3827803342213611","","","","","0.41365853658536583","0.2575024201355276","","","","","0.3745353159851301","","","","","","0.35909980430528377","","","","","","","","","0.3847619047619047","","","","","0.405811623246493","","","","0.4824644549763033","","","0.3833833833833834","",""
"XGBoost_Fold_2_HCP_corr_dataset","0.3927100992976508","finished","28222","HCP_corr_dataset","2","5","XGBoost","random","","","","","0.8","0.075","mlogloss","5","5","10","800","7","multi:softprob","0.1","50","0.5","","","","","","","","","0.4093339815264949","0.4276729559748428","0.18996798292422623","0.5010141987829615","0.41594022415940224","0.2284851534977353","0.47873303167420816","0.3787353612199816","0.37559633254444336","0.46061269146608314","0.3596881959910913","0.27300613496932513","0.3964686998394863","0.4260204081632653","0.2936610608020699","0.4907235621521336","0.3857401076262078","0.38384027863014897","0.36832895888014","0.5273469387755102","0.14566284779050737","0.6804407713498623","0.40632603406326034","0.18698517298187808","0.4673144876325088","0.3974864587819524","0.3927100992976508","","","","0.42952380952380953","","","0.3550651955867603","","","","","","","","","0.3358070500927644","","","0.407815631262525","","","","","0.5397286821705426","0.35150925024342744","","","","","0.3671726755218217","","","","0.3561643835616438","","","","","",""
"XGBoost_Fold_1_HCP_corr_dataset","0.372858541360744","finished","28270","HCP_corr_dataset","1","5","XGBoost","random","","","","","0.8","0.075","mlogloss","5","5","10","800","7","multi:softprob","0.1","50","0.5","0.3832853025936599","0.4492610837438424","0.3170731707317073","0.4482758620689655","0.1646273637374861","0.3865147198480532","0.41866913123844735","0.3877159309021113","0.3896976483762598","0.38941548183254343","0.24964672633066415","0.4756756756756757","0.43099273607748184","0.18785094435936703","0.3884484711211778","0.3588182405390243","0.35615515127650216","0.4786795048143054","0.382467028704422","0.29608938547486036","0.3413498836307215","0.4275420336269015","0.25136612021857924","0.4886039886039886","0.38087113501053976","0.3772235046237208","0.3286118980169972","0.3966210780370073","0.21579804560260588","0.7843137254901961","0.43449959316517495","0.14995925020374898","0.3223684210526316","0.3760245730811945","0.372858541360744","","","","","","","","","","","","","","","","","","","","","","","","","","","","","","","","","","","","","","","",""
"XGBoost_Fold_6_HCP_C3_dataset","0.3092208893735611","finished","7537","HCP_C3_dataset","6","5","XGBoost","random","","","","","0.9","0.15","mlogloss","0","3","1","500","7","multi:softprob","5","1","0.7","","","","","","","","","0.2989827509951349","0.336094674556213","0.2244039270687237","0.3701216953420059","0.3587069864442127","0.17418677859391396","0.35343035343035345","0.30227530949007964","0.30164171803713347","0.2991150442477876","0.32297194844579225","0.2588996763754045","0.35853658536585364","0.31009615384615385","0.23314606741573032","0.33438237608182536","0.3024496931112211","0.30194168770564733","0.2988505747126437","0.3503289473684211","0.19801980198019803","0.38248048568950566","0.4253915910964551","0.1390284757118928","0.3747795414462081","0.30983991685790346","0.3092208893735611","","","","","","","","","0.31486880466472306","","","0.2869910625620655","0.2565789473684211","","","","","","","","0.2993451824134705","","","","","","","0.36015325670498083","0.35526315789473684","","","","0.3454724409448819","","","","","","0.25868725868725867",""
"XGBoost_Fold_5_HCP_C3_dataset","0.31124059237679047","finished","7566","HCP_C3_dataset","5","5","XGBoost","random","","","","","0.9","0.15","mlogloss","0","3","1","500","7","multi:softprob","5","1","0.7","","","","","","","","","0.332378223495702","0.352900069881202","0.19586067642604743","0.3108477666362808","0.3342447026657553","0.19646569646569648","0.3991983967935871","0.3031279331948959","0.3025769154320142","0.3640167364016737","0.30905752753977966","0.24776500638569604","0.32048872180451127","0.2896919431279621","0.2540322580645161","0.36376917457998537","0.30697448112916054","0.3059904350350479","0.30579964850615116","0.41123778501628666","0.16193656093489148","0.3017699115044248","0.3949919224555735","0.16016949152542373","0.4422735346358792","0.3111684077969472","0.31124059237679047","","","0.34207968901846453","","","","","","","","","","","","0.33042635658914726","","","0.3620037807183365","","","","0.3192534381139489","0.27850467289719627","","","","0.30864197530864196","","","","","0.2634194831013916","","","","","","","","0.2829218106995885"
"XGBoost_Fold_4_HCP_C3_dataset","0.2819420783645656","finished","7525","HCP_C3_dataset","4","5","XGBoost","random","","","","","0.9","0.15","mlogloss","0","3","1","500","7","multi:softprob","5","1","0.7","","","","","","","","","0.27854855923159016","0.2645698427382054","0.23745089480576168","0.34328358208955223","0.32734082397003744","0.2024937655860349","0.2610132158590308","0.2735286691828875","0.272296294378155","0.351278600269179","0.3055555555555556","0.25757575757575757","0.245260663507109","0.2995202193283071","0.2622739018087855","0.33008356545961004","0.2930783233577577","0.2925743809683841","0.2307692307692308","0.233278955954323","0.2202429149797571","0.5718232044198895","0.36085879438480595","0.16490658001624697","0.21584699453551912","0.28538952500853887","0.2819420783645656","0.21570482497634816","0.2711022840119166","","","","","","0.34232558139534885","","0.30880929332042595","","","","0.34951456310679613","","","","","","0.23018147086914997","","","","","","","","","","","","","","","","0.2691552062868369","0.26708727655099895","","",""
"XGBoost_Fold_3_HCP_C3_dataset","0.3098813271978687","finished","7465","HCP_C3_dataset","3","5","XGBoost","random","","","","","0.9","0.15","mlogloss","0","3","1","500","7","multi:softprob","5","1","0.7","","","","","","","","","0.357055713704758","0.3334679047234558","0.20343580470162748","0.34771679932970256","0.3476662991547225","0.22663438256658597","0.32801822323462415","0.3062850182022109","0.3052443061517258","0.3303235515425132","0.33549959382615757","0.2272727272727273","0.3333333333333333","0.3126239259748843","0.2705202312138728","0.3317972350230415","0.30591008545521853","0.30519023461543415","0.38849557522123895","0.33146067415730335","0.18412438625204583","0.36339754816112085","0.3915562913907285","0.195","0.32432432432432434","0.3111941142152517","0.3098813271978687","","","","","0.37365853658536585","0.2207163601161665","","","","","0.27695167286245354","","","","","","0.2837573385518591","","","","","","","","","0.2761904761904762","","","","","0.3557114228456914","","","","0.4066350710900474","","","0.2862862862862863","",""
"XGBoost_Fold_2_HCP_C3_dataset","0.3225962702833616","finished","7482","HCP_C3_dataset","2","5","XGBoost","random","","","","","0.9","0.15","mlogloss","0","3","1","500","7","multi:softprob","5","1","0.7","","","","","","","","","0.31803430690774226","0.37228260869565216","0.205078125","0.37668161434977576","0.3549407114624506","0.24508459076360312","0.34956759217114247","0.3173813641929094","0.3162092831172897","0.33826429980276135","0.31878999418266435","0.2542372881355932","0.3387096774193548","0.346183500385505","0.27543679342240496","0.36056338028169016","0.3188835619471391","0.3180030167145426","0.300087489063867","0.4473469387755102","0.1718494271685761","0.42424242424242425","0.3641524736415247","0.22075782537067545","0.3392226148409894","0.3239513133005096","0.3225962702833616","","","","0.3857142857142858","","","0.29889669007021064","","","","","","","","","0.2523191094619666","","","0.3366733466933868","","","","","0.36143410852713176","0.2911392405063291","","","","","0.3225806451612903","","","","0.3336594911937378","","","","","",""
"XGBoost_Fold_1_HCP_C3_dataset","0.31730298580518845","finished","7577","HCP_C3_dataset","1","5","XGBoost","random","","","","","0.9","0.15","mlogloss","0","3","1","500","7","multi:softprob","5","1","0.7","0.35446685878962536","0.3556650246305419","0.28780487804878047","0.31724137931034485","0.25917686318131256","0.3181386514719848","0.30591497227356745","0.3330134357005758","0.3192118226600985","0.382573179033356","0.21454545454545457","0.3297199638663053","0.3608326908249807","0.2413793103448276","0.3438077634011091","0.3131528835251617","0.31233953138168186","0.3336766220391349","0.3315634218289086","0.24279835390946505","0.3342490842490842","0.34285714285714286","0.27226202661207777","0.3381818181818182","0.3136554956682331","0.3125236315431933","0.3059490084985836","0.45213193885760256","0.19218241042345277","0.3253119429590018","0.3807973962571196","0.21678891605541972","0.34962406015037595","0.3175408104573651","0.31730298580518845","","","","","","","","","","","","","","","","","","","","","","","","","","","","","","","","","","","","","","","",""
"XGBoost_Fold_6_HCP_C2_dataset","0.3018296377075003","finished","7443","HCP_C2_dataset","6","5","XGBoost","random","","","","","1","0.05","mlogloss","3","10","3","500","7","multi:softprob","0","0.5","0.6","","","","","","","","","0.30721558211598055","0.31849056603773584","0.2434705621956618","0.3392382639503986","0.34763636363636363","0.19770344483275087","0.33347657928663516","0.2981759088650752","0.29769497813198476","0.3076241134751773","0.29428172942817293","0.2626552053486151","0.34660633484162895","0.3109954456733897","0.24474660074165636","0.32523051131601005","0.2988771344035214","0.298318306676326","0.3068081343943413","0.3470394736842105","0.2268976897689769","0.33217692974848223","0.39406430338004944","0.1658291457286432","0.3421516754850088","0.30213819316995894","0.3018296377075003","","","","","","","","","0.33819241982507287","","","0.282025819265144","0.2387218045112782","","","","","","","","0.2871842843779233","","","","","","","0.34674329501915707","0.361336032388664","","","","0.3021653543307087","","","","","","0.2625482625482625",""
"XGBoost_Fold_5_HCP_C2_dataset","0.3048069919883467","finished","7376","HCP_C2_dataset","5","5","XGBoost","random","","","","","0.9","0.15","mlogloss","0","3","1","500","7","multi:softprob","5","1","0.7","","","","","","","","","0.30828516377649323","0.3347826086956522","0.2042850024912805","0.3112128146453089","0.32024373730534866","0.1835245046923879","0.41537267080745344","0.29681521463056065","0.29607620333089285","0.3411513859275053","0.30156657963446476","0.25339925834363414","0.3222748815165877","0.27564102564102566","0.23848238482384823","0.3689655172413793","0.3002115761612064","0.299150878955519","0.281195079086116","0.3762214983713355","0.17111853088480802","0.3008849557522124","0.38206785137318255","0.14915254237288136","0.47513321492007105","0.30511052468008676","0.3048069919883467","","","0.34791059280855197","","","","","","","","","","","","0.30329457364341084","","","0.3393194706994329","","","","0.3280943025540275","0.2757009345794392","","","","0.288698955365622","","","","","0.25944333996023855","","","","","","","","0.2952674897119342"
"XGBoost_Fold_4_HCP_C2_dataset","0.2754928206376247","finished","7408","HCP_C2_dataset","4","5","XGBoost","random","","","","","0.9","0.075","mlogloss","3","6","3","800","7","multi:softprob","0.01","5","0.9","","","","","","","","","0.28320413436692504","0.2676678445229682","0.21741133118378628","0.34861828120255084","0.29707849348820836","0.182","0.2826086956521739","0.26836982577380175","0.26644871065860365","0.3407960199004975","0.29190751445086704","0.25213675213675213","0.260081558676937","0.2588957055214724","0.23667100130039012","0.3273381294964029","0.28111809735475984","0.28004847177057696","0.242263483642794","0.2471451876019576","0.1910931174089069","0.5285451197053407","0.34847233691164325","0.1478472786352559","0.24863387978142076","0.2791429148124741","0.2754928206376247","0.21381267738883633","0.25819265143992054","","","","","","0.32","","0.31364956437560504","","","","0.3174757281553398","","","","","","0.25405921680993315","","","","","","","","","","","","","","","","0.26719056974459726","0.2576235541535226","","",""
"XGBoost_Fold_3_HCP_C2_dataset","0.30624848631629936","finished","7524","HCP_C2_dataset","3","5","XGBoost","random","","","","","0.8","0.075","mlogloss","5","5","10","800","7","multi:softprob","0.1","50","0.5","","","","","","","","","0.339423467316281","0.3354330708661417","0.17866004962779156","0.34212695795548226","0.3474848376739208","0.20990942994139583","0.3394648829431438","0.2989289566177367","0.29777049054293936","0.31357839459864967","0.32921174652241114","0.22698612862547288","0.32320872274143303","0.30532915360501567","0.29098966026587886","0.3166926677067083","0.30085663915222416","0.30038470618101265","0.3699115044247788","0.3418940609951846","0.14729950900163666","0.36339754816112085","0.4031456953642384","0.16416666666666666","0.36576576576576575","0.30794010719705595","0.30624848631629936","","","","","0.344390243902439","0.2420135527589545","","","","","0.27695167286245354","","","","","","0.28180039138943247","","","","","","","","","0.26761904761904765","","","","","0.342685370741483","","","","0.4037914691943128","","","0.2912912912912913","",""
"XGBoost_Fold_2_HCP_C2_dataset","0.31533058852022283","finished","7416","HCP_C2_dataset","2","5","XGBoost","random","","","","","1","0.05","mlogloss","3","10","3","500","7","multi:softprob","0","0.5","0.6","","","","","","","","","0.3121110579224509","0.3615023474178404","0.20956937799043063","0.34909716251074807","0.35558946966806565","0.2351339083068543","0.3528344671201814","0.31083397013379593","0.30989911627948874","0.34460887949260044","0.30677290836653387","0.2523041474654378","0.32821341956346","0.3357348703170029","0.26188068756319516","0.3625349487418453","0.3131499802157251","0.3121456352500329","0.2852143482064742","0.44","0.17921440261865793","0.37281910009182734","0.37793998377939986","0.21334431630971992","0.34363957597173145","0.31602453242540157","0.31533058852022283","","","","0.3838095238095238","","","0.27382146439317956","","","","","","","","","0.2569573283858998","","","0.30561122244488975","","","","","0.35271317829457366","0.29503407984420643","","","","","0.32447817836812143","","","","0.32974559686888455","","","","","",""
"XGBoost_Fold_1_HCP_C2_dataset","0.31302006852667646","finished","7409","HCP_C2_dataset","1","5","XGBoost","random","","","","","0.9","0.15","mlogloss","0","3","1","500","7","multi:softprob","5","1","0.7","0.3314121037463977","0.34088669950738915","0.29365853658536584","0.32413793103448274","0.25472747497219134","0.2924976258309592","0.32255083179297594","0.33685220729366605","0.33597621407333994","0.3779840848806366","0.21557971014492755","0.30664240218380345","0.3487544483985765","0.22815753734721592","0.3518005540166205","0.3092707072921601","0.30803989138510346","0.3534932221063608","0.32148900169204736","0.24285714285714283","0.3131970260223048","0.3392307692307692","0.25661914460285135","0.3457350272232305","0.31037447624781533","0.3087670289668722","0.32011331444759206","0.4585679806918745","0.1938110749185668","0.3003565062388592","0.35882831570382423","0.20537897310513448","0.3580827067669173","0.3135912674103955","0.31302006852667646","","","","","","","","","","","","","","","","","","","","","","","","","","","","","","","","","","","","","","","",""
"XGBoost_Fold_6_HCP_C1_dataset","0.3124924269962438","finished","7629","HCP_C1_dataset","6","5","XGBoost","random","","","","","1","0.05","mlogloss","3","10","3","500","7","multi:softprob","0","0.5","0.6","","","","","","","","","0.30740037950664134","0.3328729281767956","0.2169947191550648","0.3614656237134623","0.3406113537117904","0.1884595023822128","0.3926901827454314","0.3057849556273427","0.3048229321183374","0.33162743091095187","0.2869047619047619","0.25947187141216993","0.3440438871473354","0.304885993485342","0.25611510791366904","0.37899917965545526","0.30886403320424083","0.3078301882400135","0.2864721485411141","0.3963815789473684","0.18646864686468648","0.38074588031222895","0.3858202802967848","0.1490787269681742","0.4074074074074074","0.31319638133396627","0.3124924269962438","","","","","","","","","0.3197278911564626","","","0.2999006951340616","0.23026315789473684","","","","","","","","0.31524789522918617","","","","","","","0.38026819923371646","0.3633603238866397","","","","0.3405511811023622","","","","","","0.2548262548262548",""
"XGBoost_Fold_5_HCP_C1_dataset","0.32592862345229423","finished","7288","HCP_C1_dataset","5","5","XGBoost","random","","","","","0.9","0.15","mlogloss","0","3","1","500","7","multi:softprob","5","1","0.7","","","","","","","","","0.37316017316017314","0.36232434485377896","0.2090143635463101","0.3544415127528584","0.3427197802197802","0.18172323759791123","0.40613344384583505","0.3185024079966639","0.31761780232143244","0.3677474402730375","0.3395017793594306","0.2570036540803898","0.3522727272727273","0.2980884109916368","0.23673469387755103","0.38073038073038074","0.31886844094073624","0.31784973680215484","0.37873462214411246","0.38843648208469056","0.17612687813021702","0.3566371681415929","0.40306946688206785","0.14745762711864407","0.4351687388987567","0.3265187119142974","0.32592862345229423","","","0.3741496598639456","","","","","","","","","","","","0.3062015503875969","","","0.3534971644612476","","","","0.3290766208251473","0.31962616822429907","","","","0.3352326685660019","","","","","0.2673956262425447","","","","","","","","0.31995884773662553"
"XGBoost_Fold_4_HCP_C1_dataset","0.2847408128498418","finished","7369","HCP_C1_dataset","4","5","XGBoost","random","","","","","0.7","0.05","mlogloss","1","7","15","800","7","multi:softprob","0.1","10","1","","","","","","","","","0.2480270574971815","0.27680140597539543","0.23803249890206413","0.35645302897278314","0.3130622526088521","0.20602526724975703","0.29973045822102423","0.2768759956324368","0.2753461652937569","0.3421461897356143","0.3","0.2600767754318618","0.26126126126126126","0.2774234693877551","0.25634824667472794","0.3672391017173052","0.2949278634583608","0.29379957833412285","0.1945181255526083","0.2569331158238173","0.2194331983805668","0.5607734806629834","0.3592072667217176","0.17221770917952883","0.25318761384335153","0.2880386443092249","0.2847408128498418","0.22894985808893092","0.24329692154915591","","","","","","0.34604651162790695","","0.30300096805421106","","","","0.31844660194174756","","","","","","0.2731614135625597","","","","","","","","","","","","","","","","0.293713163064833","0.26813880126182965","","",""
"XGBoost_Fold_3_HCP_C1_dataset","0.312303221118915","finished","7378","HCP_C1_dataset","3","5","XGBoost","random","","","","","0.9","0.075","mlogloss","3","6","3","800","7","multi:softprob","0.01","5","0.9","","","","","","","","","0.36536082474226805","0.3350174893120871","0.1958863858961802","0.30598669623059865","0.34109638122536723","0.23454367026496564","0.3720735785953177","0.30713786089525497","0.30583652208538437","0.3420849420849421","0.32479276563677467","0.24390243902439024","0.30997304582210244","0.30069488313329124","0.2852028639618138","0.3471138845553822","0.3076806891740995","0.3068618354070862","0.3920353982300885","0.34590690208667735","0.16366612111292964","0.3021015761821366","0.39403973509933776","0.19916666666666663","0.4009009009009009","0.3139739000398197","0.312303221118915","","","","","0.3385365853658537","0.24007744433688288","","","","","0.30018587360594795","","","","","","0.3111545988258317","","","","","","","","","0.2742857142857143","","","","","0.313627254509018","","","","0.43886255924170614","","","0.27927927927927926","",""
"XGBoost_Fold_2_HCP_C1_dataset","0.3291353838701865","finished","7289","HCP_C1_dataset","2","5","XGBoost","random","","","","","0.9","0.15","mlogloss","0","3","1","500","7","multi:softprob","5","1","0.7","","","","","","","","","0.33922599139990445","0.388336192109777","0.21282660332541567","0.3729090167278662","0.326984126984127","0.2625341841385597","0.3717605004468275","0.3249395164474968","0.3236061984265343","0.3736842105263158","0.3349112426035503","0.2536806342015855","0.3355359765051395","0.3201243201243201","0.2938775510204082","0.37613019891500904","0.3268491619851898","0.32575003112778095","0.310586176727909","0.4620408163265306","0.18330605564648117","0.4196510560146924","0.33414436334144365","0.2372322899505766","0.3674911660777385","0.3306359891550531","0.3291353838701865","","","","0.3914285714285714","","","0.2978936810431294","","","","","","","","","0.27736549165120594","","","0.343687374749499","","","","","0.34593023255813954","0.3008763388510224","","","","","0.3425047438330171","","","","0.3336594911937378","","","","","",""
"XGBoost_Fold_1_HCP_C1_dataset","0.32366617719040625","finished","7532","HCP_C1_dataset","1","5","XGBoost","random","","","","","0.9","0.075","mlogloss","3","6","3","800","7","multi:softprob","0.01","5","0.9","0.3448607108549472","0.3812807881773399","0.288780487804878","0.3054187192118227","0.27919911012235815","0.29914529914529914","0.34288354898336415","0.3416506717850288","0.35074626865671643","0.3653314917127072","0.23671947809878843","0.33125300048007683","0.36755952380952384","0.220100045475216","0.3702010968921389","0.3202729864464525","0.31859913191428624","0.34654377880184334","0.3200241984271022","0.2766884531590414","0.3590010405827263","0.33858807402330365","0.24897119341563784","0.3603202846975089","0.3214481461581662","0.3196703020830812","0.3550519357884797","0.4255832662912309","0.20684039087947884","0.3074866310160428","0.4019528071602929","0.19722901385493072","0.3806390977443609","0.3249690203906881","0.32366617719040625","","","","","","","","","","","","","","","","","","","","","","","","","","","","","","","","","","","","","","","",""
"XGBoost_Fold_6_HCP_diff_dataset","0.3839815824548649","finished","26886","HCP_diff_dataset","6","5","XGBoost","random","","","","","0.8","0.075","mlogloss","5","5","10","800","7","multi:softprob","0.1","50","0.5","","","","","","","","","0.4112868747327918","0.43390920048212134","0.2668416447944007","0.49420529801324503","0.404104183109708","0.23444976076555024","0.41581632653061223","0.38008761263263274","0.378974545978552","0.3981788079470199","0.42419481539670073","0.2839851024208566","0.47268408551068886","0.38758516275548827","0.2734375","0.4014778325123153","0.37736332950615287","0.37650028614197784","0.42528735632183906","0.4440789473684211","0.25165016501650167","0.5177797051170858","0.4220939818631492","0.2051926298157454","0.4312169312169312","0.38532853095995334","0.3839815824548649","","","","","","","","","0.39261418853255586","","","0.35054617676266137","0.2932330827067669","","","","","","","","0.3414405986903648","","","","","","","0.4243295019157088","0.4625506072874494","","","","0.4330708661417323","","","","","","0.3812741312741313",""
"XGBoost_Fold_5_HCP_diff_dataset","0.37339159990288906","finished","26936","HCP_diff_dataset","5","5","XGBoost","random","","","","","0.8","0.075","mlogloss","5","5","10","800","7","multi:softprob","0.1","50","0.5","","","","","","","","","0.413882863340564","0.38725099601593627","0.26405451448040884","0.499108734402852","0.3704274162495187","0.23707093821510297","0.439877568867512","0.37309614736741353","0.3715110573886172","0.4087403598971722","0.3790951638065523","0.26956521739130435","0.5026929982046678","0.3539367181751288","0.25771144278606967","0.43324720068906114","0.372141300135708","0.3704500020257028","0.4191564147627416","0.3957654723127036","0.2587646076794658","0.4955752212389381","0.388529886914378","0.2194915254237288","0.4467140319715808","0.37485673718621954","0.37339159990288906","","","0.41885325558794945","","","","","","","","","","","","0.3498062015503876","","","0.3988657844990548","","","","0.3929273084479371","0.35887850467289717","","","","0.34472934472934474","","","","","0.3618290258449304","","","","","","","","0.3611111111111111"
"XGBoost_Fold_4_HCP_diff_dataset","0.37247505475784864","finished","26999","HCP_diff_dataset","4","5","XGBoost","random","","","","","0.8","0.075","mlogloss","5","5","10","800","7","multi:softprob","0.1","50","0.5","","","","","","","","","0.453839516824849","0.3481363996827914","0.23468910705937351","0.5253755582622818","0.35096680043779643","0.26189354686764016","0.41220657276995304","0.3695867859863836","0.3651157448840126","0.44313395113732096","0.3387345679012346","0.2776548672566372","0.4698620188816267","0.31437908496732025","0.3116591928251121","0.4253875968992248","0.3686873256954966","0.36518473013009295","0.4650751547303271","0.35807504078303426","0.20323886639676111","0.5957642725598526","0.39719240297274977","0.2258326563769293","0.3998178506375228","0.3778566063510253","0.37247505475784864","0.30179754020813626","0.3694141012909633","","","","","","0.4697674418604651","","0.3426911907066796","","","","0.3786407766990291","","","","","","0.33715377268385865","","","","","","","","","","","","","","","","0.40962671905697445","0.36908517350157727","","",""
"XGBoost_Fold_3_HCP_diff_dataset","0.37745216759505934","finished","26000","HCP_diff_dataset","3","5","XGBoost","random","","","","","0.8","0.075","mlogloss","5","5","10","800","7","multi:softprob","0.1","50","0.5","","","","","","","","","0.4523090202848511","0.37179992122883027","0.2569593147751606","0.5125628140703518","0.3888","0.2717741935483871","0.40538033395176254","0.37994079969419187","0.3777542400146662","0.44144903117101936","0.36504253673627224","0.2695417789757412","0.5358166189111748","0.3761609907120743","0.26328125","0.41778202676864246","0.38129631903927486","0.37891027672498706","0.46371681415929206","0.37881219903691815","0.24549918166939444","0.4912434325744308","0.402317880794702","0.2808333333333333","0.39369369369369367","0.3794452193231092","0.37745216759505934","","","","","0.40780487804878046","0.31268151016456924","","","","","0.379182156133829","","","","","","0.3679060665362035","","","","","","","","","0.32761904761904764","","","","","0.40180360721442887","","","","0.5033175355450237","","","0.3163163163163163","",""
"XGBoost_Fold_2_HCP_diff_dataset","0.3905303947687091","finished","26132","HCP_diff_dataset","2","5","XGBoost","random","","","","","0.8","0.075","mlogloss","5","5","10","800","7","multi:softprob","0.1","50","0.5","","","","","","","","","0.41694117647058826","0.41279669762641896","0.2391102873030584","0.5575032064985036","0.39651910707529325","0.25539733578318785","0.43377941855099217","0.38743531847257745","0.3840581507294506","0.4511201629327902","0.356718192627824","0.27564102564102566","0.5216","0.3716312056737589","0.28868120456905505","0.45410628019323673","0.38849972451967","0.3851046783308209","0.38757655293088367","0.4897959183673469","0.2111292962356792","0.5987144168962351","0.4249797242497973","0.22899505766062603","0.41519434628975266","0.39376933037576","0.3905303947687091","","","","0.4219047619047619","","","0.3781344032096289","","","","","","","","","0.3033395176252319","","","0.40681362725450904","","","","","0.4738372093023256","0.3563777994157741","","","","","0.3899430740037951","","","","0.3972602739726027","","","","","",""
"XGBoost_Fold_1_HCP_diff_dataset","0.3720019579050416","finished","26131","HCP_diff_dataset","1","5","XGBoost","random","","","","","0.8","0.075","mlogloss","5","5","10","800","7","multi:softprob","0.1","50","0.5","0.38904899135446686","0.41182266009852214","0.344390243902439","0.35172413793103446","0.3337041156840934","0.33998100664767333","0.39833641404805914","0.40115163147792704","0.4015786877158362","0.39184268026219954","0.22788203753351208","0.5166402535657686","0.40985529917872504","0.2430988423864648","0.3898305084745763","0.36867547273101176","0.3657141326192761","0.4204545454545454","0.3579507651363939","0.2524752475247525","0.46504992867332384","0.39457831325301207","0.267909715407262","0.4150743099787686","0.3676418322040083","0.36433196552163954","0.3843248347497639","0.4328238133547868","0.20765472312703584","0.5811051693404634","0.4263628966639544","0.22249388753056237","0.3674812030075188","0.3746066468248694","0.3720019579050416","","","","","","","","","","","","","","","","","","","","","","","","","","","","","","","","","","","","","","","",""
"LogisticRegression_Fold_6_HCP_corr_dataset","0.3393917363383012","finished","520","HCP_corr_dataset","6","5","LogisticRegression","grid","0.01","2000","714","lbfgs","","","","","","","","","","","","","","","","","","","","","0.33247863247863246","0.41250930752047654","0.22245002562788313","0.39000409668168784","0.44413887933997936","0.16529830322933772","0.3129251700680272","0.3256863449922892","0.3256867300818588","0.3217535153019024","0.3768707482993197","0.2936400541271989","0.3695652173913043","0.3808962264150943","0.23854660347551343","0.3021346469622332","0.3262010017103666","0.3263844606614817","0.34394341290893016","0.4555921052631579","0.17904290429042904","0.41283607979184733","0.5325638911788954","0.12646566164154105","0.32451499118165783","0.33927986375092267","0.3393917363383012","","","","","","","","","0.4071914480077745","","","0.2929493545183714","0.2387218045112782","","","","","","","","0.284377923292797","","","","","","","0.37452107279693486","0.3532388663967611","","","","0.3690944881889764","","","","","","0.3996138996138996",""
"LogisticRegression_Fold_5_HCP_corr_dataset","0.29788783685360526","finished","516","HCP_corr_dataset","5","5","LogisticRegression","grid","0.01","2000","714","lbfgs","","","","","","","","","","","","","","","","","","","","","0.23995340710541643","0.34965034965034963","0.20762517225539737","0.327693677649154","0.39033942558746737","0.20518029456576944","0.2770605759682224","0.2853575575402538","0.28633036947890433","0.35578583765112265","0.2789907811741873","0.23084780388151177","0.32974910394265233","0.32749178532311063","0.25602027883396705","0.3141891891891892","0.29901068285653437","0.29837010261170754","0.18101933216168717","0.46824104234527686","0.18864774624373956","0.3256637168141593","0.4830371567043618","0.1711864406779661","0.2477797513321492","0.2950821694684772","0.29788783685360526","","","0.31875607385811466","","","","","","","","","","","","0.2751937984496124","","","0.3818525519848771","","","","0.3094302554027505","0.28598130841121494","","","","0.2526115859449193","","","","","0.294234592445328","","","","","","","","0.2623456790123457"
"LogisticRegression_Fold_4_HCP_corr_dataset","0.3023850085178876","finished","510","HCP_corr_dataset","4","5","LogisticRegression","grid","0.01","2000","714","lbfgs","","","","","","","","","","","","","","","","","","","","","0.3540183112919634","0.27001862197392923","0.2425080682342093","0.34835708054667053","0.3751274209989806","0.27882507672073653","0.15436241610738255","0.28903099941055316","0.2891523124255389","0.4167664670658683","0.31453362255965295","0.2815845824411135","0.2545686357841054","0.3187066974595843","0.3028571428571429","0.29336734693877553","0.31176921358660614","0.3117653801053079","0.3076923076923077","0.2365415986949429","0.2129554655870445","0.5515653775322283","0.4558216350123865","0.25832656376929325","0.104735883424408","0.30394840453037303","0.3023850085178876","0.2251655629139073","0.2413108242303873","","","","","","0.45488372093023255","","0.2265246853823814","","","","0.4087378640776699","","","","","","0.23782234957020057","","","","","","","","","","","","","","","","0.3143418467583497","0.305993690851735","","",""
"LogisticRegression_Fold_3_HCP_corr_dataset","0.34669411479777185","finished","512","HCP_corr_dataset","3","5","LogisticRegression","grid","0.01","2000","714","lbfgs","","","","","","","","","","","","","","","","","","","","","0.3966777408637874","0.3808639108221087","0.1791549295774648","0.43923865300146414","0.4405797101449275","0.24362060664419835","0.2349427575908412","0.33072547266354174","0.3304300828875884","0.3175531914893617","0.4520396912899669","0.2875226039783002","0.37735849056603776","0.3917525773195876","0.28848346636259975","0.2625139043381535","0.3396034179062868","0.3409034011710714","0.5283185840707965","0.3290529695024077","0.13011456628477905","0.5253940455341506","0.5033112582781457","0.21083333333333337","0.2126126126126126","0.34851962423088934","0.34669411479777185","","","","","0.3951219512195122","0.22749273959341723","","","","","0.34014869888475835","","","","","","0.30724070450097846","","","","","","","","","0.37523809523809526","","","","","0.3156312625250501","","","","0.5345971563981042","","","0.2702702702702703","",""
"LogisticRegression_Fold_2_HCP_corr_dataset","0.3393073383385808","finished","511","HCP_corr_dataset","2","5","LogisticRegression","grid","0.01","2000","714","lbfgs","","","","","","","","","","","","","","","","","","","","","0.2992783896695784","0.4238320920785376","0.15056312981624184","0.422680412371134","0.4462011418533158","0.23335109216835376","0.3078721745908028","0.3262540617925663","0.3254446792601668","0.2644295302013423","0.36205899363794103","0.2731182795698925","0.371946964410328","0.48659003831417624","0.33031674208144796","0.2754532775453278","0.33770197510863653","0.33874414560588956","0.3447069116360455","0.5110204081632653","0.1039279869067103","0.48943985307621674","0.4120032441200324","0.1803953871499176","0.3489399293286219","0.34149053148297287","0.3393073383385808","","","","0.3647619047619048","","","0.28084252758274825","","","","","","","","","0.25139146567717996","","","0.3637274549098196","","","","","0.48352713178294576","0.2862706913339825","","","","","0.32922201138519924","","","","0.35714285714285715","","","","","",""
"LogisticRegression_Fold_1_HCP_corr_dataset","0.3109397944199706","finished","521","HCP_corr_dataset","1","5","LogisticRegression","grid","0.01","2000","714","lbfgs","","","","","","","","","","","","","0.3611911623439001","0.42758620689655175","0.33463414634146343","0.33004926108374383","0.20244716351501668","0.2706552706552707","0.24399260628465805","0.30902111324376197","0.2372340425531915","0.3698529411764706","0.21912144702842376","0.3722157092614302","0.4671814671814672","0.1570964247020585","0.22233554309026007","0.29214822499904314","0.2938269179897085","0.27161997563946405","0.34055517941773866","0.29985855728429983","0.27729257641921395","0.44452608376193975","0.234248788368336","0.24303232998885171","0.30159049869712057","0.30379790023071834","0.210576015108593","0.4046661303298472","0.17263843648208468","0.5659536541889483","0.49227013832384053","0.11817440912795436","0.2048872180451128","0.3098808573723401","0.3109397944199706","","","","","","","","","","","","","","","","","","","","","","","","","","","","","","","","","","","","","","","",""